[{"model": "home.products", "pk": 1, "fields": {"name": "Presley Carver Dining Chair", "brand": 6, "price": 344, "color": 6, "category": 1, "descriptions": "An industrial dining chair made from soft faux leather and metal, the Presley displays strong structural design and comfort, all in one. Upholstered in vintage green with a padded backrest and seat, and durable black metal legs, angled for further stability. This is style and functionality for your modern dining space.", "weight": "7.90", "width": "55.00", "height": "76.00", "depth": "55.00", "instock": true, "materials": "Faux Leather , Metal"}}, {"model": "home.products", "pk": 2, "fields": {"name": "Presley Carver Dining Chair", "brand": 6, "price": 333, "color": 5, "category": 1, "descriptions": "An industrial dining chair made from soft faux leather and metal, the Presley displays strong structural design and comfort, all in one. Upholstered in vintage green with a padded backrest and seat, and durable black metal legs, angled for further stability. This is style and functionality for your modern dining space.", "weight": "7.90", "width": "55.00", "height": "76.00", "depth": "55.00", "instock": true, "materials": "Faux Leather , Metal"}}, {"model": "home.products", "pk": 3, "fields": {"name": "Presley Carver Dining Chair", "brand": 6, "price": 300, "color": 7, "category": 1, "descriptions": "An industrial dining chair made from soft faux leather and metal, the Presley displays strong structural design and comfort, all in one. Upholstered in vintage tan with a padded backrest and seat, and durable black metal legs, angled for further stability. This is style and functionality for your modern dining space.", "weight": "7.90", "width": "55.00", "height": "76.00", "depth": "55.00", "instock": true, "materials": "Faux Leather , Metal"}}, {"model": "home.products", "pk": 4, "fields": {"name": "Neston Armchair", "brand": 5, "price": 400, "color": 4, "category": 1, "descriptions": "With curves in all the right places, you will sink into the Neston Boucle Armchair. Upholstered in sustainably sourced boucle, this smooth and comfortable design is a statement armchair as well as your go-to seat. Inspired by the retro ideals of smooth lines and soft silhouettes, the Neston in speckled stone is an inviting piece, reminiscent of Luxe 70s Revival design.\r\n\r\nFor a rich depth of colour and unique softness, our boucle used in this product is not only of the highest quality but it is made from recycled PET yarns so it is kinder to the environment too.", "weight": "13.00", "width": "82.00", "height": "74.00", "depth": "72.00", "instock": true, "materials": "Sustainable Boucle , Engineered Wood"}}, {"model": "home.products", "pk": 5, "fields": {"name": "Neston Armchair", "brand": 5, "price": 391, "color": 6, "category": 1, "descriptions": "With curves in all the right places, you will sink into the Neston Velvet Armchair. Upholstered in sustainably sourced velvet, this smooth and comfortable design is a statement armchair as well as your go-to seat. Inspired by the retro ideals of smooth lines and soft silhouettes, the Neston in olive green is an inviting piece, reminiscent of Luxe 70s Revival design.\r\n\r\nFor a rich depth of colour and unique softness, our velvet used in this product is not only of the highest quality but it is made from 100% recycled PET yarns so it is kinder to the environment too.", "weight": "13.00", "width": "82.00", "height": "74.00", "depth": "72.00", "instock": true, "materials": "Sustainable Velvet , Engineered Wood"}}, {"model": "home.products", "pk": 6, "fields": {"name": "Emile Swivel Armchair", "brand": 5, "price": 422, "color": 4, "category": 1, "descriptions": "Inspired by the 70s Revival, the Emile Boucle Armchair is a modern take on classic retro style. With curved lines and speckled stone boucle upholstery in natural, the Emile Armchair cocoons the occupant in softness. Finished with a wooden base with a swivel function and stitched finish on the backrest, this chair can be paired with natural wood furniture for that cosy relaxed living vibe.\r\n\r\nFor a rich depth of colour and unique softness, our boucle used in this chair is not only of the highest quality but it is made from recycled PET yarns so it is kinder to the environment too.", "weight": "22.30", "width": "85.00", "height": "71.00", "depth": "82.00", "instock": true, "materials": "Sustainable Boucle , Engineered Wood"}}, {"model": "home.products", "pk": 7, "fields": {"name": "Emile Swivel Armchair", "brand": 5, "price": 399, "color": 10, "category": 1, "descriptions": "Inspired by 70s Revival, the Emile Velvet Armchair is a modern take on classic retro style. With curved lines and luxe velvet upholstery in rich rust hue, the Emile Armchair cocoons you in softness. Supportive, soft, and comfortable with a swivel function, the Emile is fun furniture design at its finest. Finished with a dark wooden base and stitched finish on the backrest, this chair can be paired with natural wood furniture for that cosy relaxed living vibe.\r\n\r\nFor a rich depth of colour and unique softness, our velvet used in this chair is not only of the highest quality but it is made from recycled PET yarns so it is kinder to the environment too.", "weight": "22.30", "width": "85.00", "height": "71.00", "depth": "82.00", "instock": true, "materials": "Sustainable Velvet , Engineered Wood"}}, {"model": "home.products", "pk": 8, "fields": {"name": "Emile Swivel Armchair", "brand": 5, "price": 353, "color": 9, "category": 1, "descriptions": "Inspired by 70s Revival, the Emile Velvet Armchair is a modern take on classic retro style. With curved lines and soft velvet upholstery in taupe, the Emile Armchair cocoons you in softness. Supportive, soft, comfortable with swivel function, the Emile is fun furniture design at its finest. Finished with a wooden base and stitched finish on the backrest, this chair can be paired with natural wood furniture for that cosy relaxed living vibe.\r\n\r\nFor a rich depth of colour and unique softness, our velvet used in this chair is not only of the highest quality but it is made from 100% recycled PET yarns so it is kinder to the environment too.", "weight": "22.30", "width": "85.00", "height": "71.00", "depth": "82.00", "instock": true, "materials": "Sustainable Velvet , Engineered Wood"}}, {"model": "home.products", "pk": 9, "fields": {"name": "Sadie King Size Bed", "brand": 2, "price": 670, "color": 11, "category": 2, "descriptions": "A soft and luxurious haven is what your bedroom should be and the Sadie King Bed will have you craving duvet days. It's all retro vibes with this vintage-inspired grey velvet bed featuring a stunning arch headboard with curved stitched detailing in a dynamic semi-circle. In versatile grey, this velvet fabric reaches the floor for a polished look. The rainbow-fluted detailing on the headboard creates a focal point in your bedroom in this highly stylish and functional large bed.", "weight": "70.00", "width": "165.00", "height": "154.00", "depth": "222.00", "instock": true, "materials": "Polyester Velvet , Engineered Wood"}}, {"model": "home.products", "pk": 10, "fields": {"name": "Sadie King Size Bed", "brand": 2, "price": 676, "color": 8, "category": 2, "descriptions": "A soft and luxurious haven is what your bedroom should be and the Sadie King Bed will have you craving duvet days. It's all retro vibes with this vintage-inspired grey velvet bed featuring a stunning arch headboard with curved stitched detailing in a dynamic semi-circle. In versatile grey, this velvet fabric reaches the floor for a polished look. The rainbow-fluted detailing on the headboard creates a focal point in your bedroom in this highly stylish and functional large bed.", "weight": "70.00", "width": "165.00", "height": "154.00", "depth": "222.00", "instock": true, "materials": "Polyester Velvet , Engineered Wood"}}, {"model": "home.products", "pk": 11, "fields": {"name": "Sadie King Size Bed", "brand": 2, "price": 676, "color": 3, "category": 2, "descriptions": "A soft and luxurious haven is what your bedroom should be and the Sadie King Bed will have you craving duvet days. It's all retro vibes with this vintage-inspired grey velvet bed featuring a stunning arch headboard with curved stitched detailing in a dynamic semi-circle. In versatile grey, this velvet fabric reaches the floor for a polished look. The rainbow-fluted detailing on the headboard creates a focal point in your bedroom in this highly stylish and functional large bed.", "weight": "70.00", "width": "165.00", "height": "154.00", "depth": "222.00", "instock": true, "materials": "Polyester Velvet , Engineered Wood"}}, {"model": "home.products", "pk": 12, "fields": {"name": "Hayden 2 Seater Sofa", "brand": 6, "price": 999, "color": 5, "category": 1, "descriptions": "Contemporary flair with ease, the Hayden Sofa Range offers exceptional comfort and style in one swoop. Upholstered in soft chenille fabric, the Hayden 2 Seat Sofa features seat cushions that are pocket-sprung for a sublime seat. We love the curves and soft lines of this luxurious cream sofa, ideal for modern homes looking for a practical and design-led sofa. And with no assembly, there won't be hours wasted searching for that missing bolt...", "weight": "80.00", "width": "185.00", "height": "83.00", "depth": "108.00", "instock": true, "materials": "Chenille Fabric , Engineered Wood"}}, {"model": "home.products", "pk": 13, "fields": {"name": "Hayden 2 Seater Sofa", "brand": 6, "price": 990, "color": 8, "category": 1, "descriptions": "Contemporary flair with ease, the Hayden Sofa Range offers exceptional comfort and style in one swoop. Upholstered in soft chenille fabric, the Hayden 2 Seat Sofa features seat cushions that are pocket-sprung for a sublime seat. We love the curves and soft lines of this mottled grey sofa, ideal for modern homes looking for a practical and design-led sofa. And with no assembly, there won't be hours wasted searching for that missing bolt...", "weight": "80.00", "width": "185.00", "height": "83.00", "depth": "108.00", "instock": true, "materials": "Chenille Fabric , Engineered Wood"}}, {"model": "home.products", "pk": 14, "fields": {"name": "Wish Wooden Kitchen Stool", "brand": 4, "price": 100, "color": 1, "category": 3, "descriptions": "The Wish Kitchen Bar Stool; perfect for any breakfast bar or kitchen. This Scandic design is practical, contemporary, and stylish, with natural weave seat and black-stained wooden frame. The curved 'Y' shaped back in beech wood and paper cord natural seat showcases Scandi style without compromising comfort.", "weight": "5.10", "width": "53.00", "height": "96.00", "depth": "57.00", "instock": true, "materials": "Paper Cord  , Black-Stained Beech Wood"}}, {"model": "home.products", "pk": 15, "fields": {"name": "Wish Wooden Kitchen Stool", "brand": 4, "price": 110, "color": 9, "category": 3, "descriptions": "The Wish Kitchen Bar Stool; perfect for any breakfast bar or kitchen. This Scandic design is practical, contemporary, and stylish, with natural weave seat and light walnut-stained wooden frame. The curved 'Y' shaped back in beech wood and paper cord natural seat showcases Scandi style without compromising comfort.", "weight": "5.10", "width": "53.00", "height": "96.00", "depth": "57.00", "instock": true, "materials": "Paper Cord  , Black-Stained Beech Wood"}}, {"model": "home.products", "pk": 16, "fields": {"name": "Wish Wooden Kitchen Stool", "brand": 4, "price": 112, "color": 5, "category": 3, "descriptions": "The Wish Kitchen Bar Stool; perfect for any breakfast bar or kitchen. This Scandic design is practical, contemporary, and stylish, with natural weave seat and natural-stained wooden frame. The curved 'Y' shaped back in beech wood and paper cord natural seat showcases Scandi style without compromising comfort.", "weight": "5.10", "width": "53.00", "height": "96.00", "depth": "57.00", "instock": true, "materials": "Paper Cord  , Black-Stained Beech Wood"}}, {"model": "home.products", "pk": 17, "fields": {"name": "Arley Table Lamp", "brand": 1, "price": 59, "color": 2, "category": 5, "descriptions": "Minimal and contemporary, the Arley Table Lamp adds a subtle touch of Scandinavian style with its warm palette and simple design. The fabric shade in soft white and rattan stem combination gives an ambient lighting option and adds a Nordic-inspired accent to your home. Note the brushed brass base for a touch of glam.", "weight": "1.60", "width": "18.00", "height": "55.00", "depth": "18.00", "instock": true, "materials": "Fabric, Rattan, Meta"}}, {"model": "home.products", "pk": 18, "fields": {"name": "Lyme Wall Light", "brand": 1, "price": 46, "color": 2, "category": 5, "descriptions": "One for minimalists, the Lyme Wall Light features a matte brass fixture and opal glass shade that adds just enough decadence to your living room or dining room. Easy on/off toggle makes it perfect for bedrooms too.", "weight": "0.70", "width": "15.00", "height": "29.00", "depth": "20.00", "instock": true, "materials": "Glass, Steel"}}, {"model": "home.products", "pk": 19, "fields": {"name": "Francia Floor Lamp", "brand": 1, "price": 33, "color": 9, "category": 5, "descriptions": "The soft natural shade with a sleek black stem offers Japandi style with a modern edge. The Francia Floor Lamp sets the mood with sustainably sourced rattan combining this natural conal shade that delicately diffuses the light, reflecting off of the metal stem and base.", "weight": "4.50", "width": "55.00", "height": "150.00", "depth": "55.00", "instock": true, "materials": "Rattan, Metal"}}, {"model": "home.products", "pk": 20, "fields": {"name": "Denver Metal Floor Lamp", "brand": 2, "price": 279, "color": 12, "category": 5, "descriptions": "A statement piece in your living room, the Denver Floor Lamp radiates warm light into the space, surrounded by its copper shade finish. Reminiscent of industrial warehouses, the shade can be moved to direct light effectively in this retro-inspired design that is ideal for large open plan spaces. With that striking copper finish and sturdy tripod stems, it will become a focal point.", "weight": "7.50", "width": "67.00", "height": "167.00", "depth": "67.00", "instock": true, "materials": "Metal"}}, {"model": "home.products", "pk": 21, "fields": {"name": "Matcha Bouquet", "brand": 5, "price": 43, "color": 4, "category": 4, "descriptions": "The Matcha eucalyptus mix bouquet from Shida adds a contemporary touch to your home. This arrangement is the perfect home accessory, featuring naturally dried, lush green foliage and delicate fresh-looking preserved flowers that are a sustainable and conscious way to decorate your home. The cool hues of the Matcha bouquet can be teamed with vibrant vases for a pop of home decor. Take our Denzal Vase or Cary Vase with Scandi vibes and orange hues. Bringing the beauty of the outdoors into your living space all year round, the Matcha bouquet is handmade per order and arrives ready to arrange in your favourite vase. Gift-wrapped in a flat-packed box, which fits perfectly through your letterbox, making these preserved flowers the ideal, long-lasting accessory for your home, or for a present with that wow factor.", "weight": "0.50", "width": "55.00", "height": "45.00", "depth": "10.00", "instock": true, "materials": "Natural flowers and foliage"}}, {"model": "home.products", "pk": 22, "fields": {"name": "The Roar of the Jungle", "brand": 5, "price": 75, "color": 9, "category": 4, "descriptions": "Exotic, warm and vivid, The Roar of the Jungle Graphic Print is inspired by Asian culture with a hint of post-impressionism art. This print brings the aesthetics of the natural world combined with the imagination, using organic abstract shapes and an earthy colour palette.\r\n\r\nOnly giclée printing processes are used for this print resulting in the highest quality museum-level colours and sharpness. Choose between a number of different coloured frames and two sizes for the perfect print for your space.", "weight": "1.10", "width": "60.00", "height": "84.00", "depth": "1.00", "instock": true, "materials": "Wood, 210gsm Paper"}}, {"model": "home.products", "pk": 23, "fields": {"name": "Ridley Wavy Full Length Mirror", "brand": 4, "price": 278, "color": 7, "category": 4, "descriptions": "Inspired by the iconic curves and waves of interior design from the 1970s, the Ridley wiggle full-length mirror with a sustainable paulownia wood frame offers tired walls an instant uplift. In a walnut-stained ridged wood design, whether it's within an eclectic mix or a focal point by itself, the Ridley pops.", "weight": "12.57", "width": "90.00", "height": "178.00", "depth": "3.00", "instock": true, "materials": "Glass"}}, {"model": "home.products", "pk": 24, "fields": {"name": "HKliving Glass Vase Dulce", "brand": 2, "price": 75, "color": 9, "category": 4, "descriptions": "The perfect twist between vintage and contemporary, featuring a subtle swirled pattern on a classic shape. This glass vase is sure to catch the attention of the guests while adding a touch of elegance to your home.", "weight": "1.13", "width": "13.00", "height": "25.00", "depth": "5.00", "instock": true, "materials": "Glass"}}, {"model": "home.products", "pk": 25, "fields": {"name": "Athena Terracotta Vase", "brand": 5, "price": 34, "color": 4, "category": 4, "descriptions": "A striking white and black vertical stripe vase that is made for bright bouquets. Ideal for creative, organic arrangements, this classic vase shape features messy organic lines for a freeing and abstract feel. A focal home decor piece whether full or empty, with a narrow neck for keeping large bouquets looking stunning.", "weight": "7.20", "width": "32.00", "height": "44.00", "depth": "26.00", "instock": true, "materials": "Terracotta"}}, {"model": "home.products", "pk": 26, "fields": {"name": "Cubitt TV Stand", "brand": 4, "price": 230, "color": 7, "category": 8, "descriptions": "The Cubitt Range is a seamless blend of sculptural design and functional furniture. Incorporating soft curves of the solid mango wood for that clean modernist approach, this TV Stand features downward hinged door across the front with brass handles revealing ample space for living room clutter. Elevated elegantly from the floor and stained in a walnut wood finish that makes the natural grains of mango wood pop, combine your dark wood TV unit with soft neutral fabrics such as cream rugs and boucle furniture.", "weight": "21.00", "width": "110.00", "height": "45.00", "depth": "40.00", "instock": true, "materials": "Mango Wood"}}, {"model": "home.products", "pk": 27, "fields": {"name": "Cubitt Chest of Drawers", "brand": 4, "price": 499, "color": 7, "category": 8, "descriptions": "The Cubitt Range is a seamless blend of sculptural design and functional furniture. Incorporating soft curves of the solid mango wood for that clean modernist approach, this spacious chest of drawers with brass handles features three large drawers that are elevated elegantly from the floor. Stained in a walnut wood finish that makes the natural grains of the mango wood pop, combine your dark wood drawers with soft boucle fabrics and cream textured duvet set.", "weight": "39.00", "width": "85.00", "height": "75.00", "depth": "45.00", "instock": true, "materials": "Mango Wood"}}, {"model": "home.products", "pk": 28, "fields": {"name": "Asher Tall Sideboard", "brand": 5, "price": 450, "color": 8, "category": 8, "descriptions": "70s revival meets classic style, the Asher Tall Sideboard is built from sustainable mango wood in a rich walnut stain finish, highlighting the natural knots and grains of this exquisite wood. The 2 doors feature arched indent detailing and open to reveal ample storage space across three shelves. This retro style is robustly built with smooth surfaces, resting on four wooden balls.\r\n\r\nView The Asher Range\r\n\r\nMango trees reach maturity in approximately 15 years making them one of the fastest-growing hardwoods. Towards the end of these years, the tree produces less fruit and can be harvested for furniture, making use of the full lifecycle of the tree. Due to Mango Wood’s strength, it is also just as durable as solid wood.", "weight": "46.30", "width": "85.00", "height": "110.00", "depth": "45.00", "instock": true, "materials": "Mango Wood"}}, {"model": "home.products", "pk": 29, "fields": {"name": "Brentford 8 Seat Dining Table", "brand": 2, "price": 799, "color": 1, "category": 3, "descriptions": "Gather around the Brentford dining table. The table top is made from glass ceramic making it strong and heat-resistant, and finished with an industrial black metal frame to add a very contemporary feel to your dining room or kitchen. With its sleek and clean lines, you'll find the Brentford table will fit into any interior style with ease.", "weight": "81.00", "width": "200.00", "height": "75.00", "depth": "90.00", "instock": true, "materials": "Ceramic , Metal"}}, {"model": "home.products", "pk": 30, "fields": {"name": "Roxby Wooden Bar Table", "brand": 1, "price": 300, "color": 9, "category": 3, "descriptions": "This retro-inspired Roxby Wooden Bar Table has hints of mid-century design in its silhouette to give a vintage 70's feel to your kitchen. Featuring an oak veneer table top with an angled oak wood frame in black, the Roxby is a contemporary and convenient choice; perfect for modern open-plan living kitchen/living areas.", "weight": "17.80", "width": "120.00", "height": "105.00", "depth": "60.00", "instock": true, "materials": "Oak Veneer, Rubberwood"}}, {"model": "home.products", "pk": 31, "fields": {"name": "Roxby Wooden Bar Stool", "brand": 1, "price": 50, "color": 9, "category": 3, "descriptions": "This retro-inspired Roxby Wooden Stool has hints of mid-century design in its silhouette to give a vintage 70's feel in your kitchen. Featuring a curved oak veneer backrest and seat with an angled black wood frame with footrest, this is a comfortable seat that is easily cleaned and high quality; perfect for student living and open-plan living spaces.", "weight": "6.60", "width": "49.00", "height": "105.00", "depth": "45.00", "instock": true, "materials": "Oak Veneer , Rubberwood"}}, {"model": "home.products", "pk": 32, "fields": {"name": "Madison Set of 2 Nesting Coffee Tables", "brand": 6, "price": 400, "color": 12, "category": 1, "descriptions": "The Madison nesting coffee tables are a must for the home when you need space-saving solutions with a Art Deco twist. The metal in a brushed brass finish with a white marble top - the Madison is compact and easy to move around any space within your home.", "weight": "37.00", "width": "75.00", "height": "45.00", "depth": "75.00", "instock": true, "materials": "Marble  , Metal"}}, {"model": "home.products", "pk": 33, "fields": {"name": "Madison Set of 2 Nesting Coffee Tables", "brand": 6, "price": 340, "color": 1, "category": 1, "descriptions": "The Madison nesting coffee tables are a must for the home when you need space-saving solutions with a Art Deco twist. In black metal with a white marble top - the Madison is compact and easy to move around any space within your home.", "weight": "37.00", "width": "75.00", "height": "45.00", "depth": "75.00", "instock": true, "materials": "Marble , Metal"}}, {"model": "home.products_categories", "pk": 1, "fields": {"name": "Living Room"}}, {"model": "home.products_categories", "pk": 2, "fields": {"name": "Bedroom"}}, {"model": "home.products_categories", "pk": 3, "fields": {"name": "Kitchen"}}, {"model": "home.products_categories", "pk": 4, "fields": {"name": "Decor"}}, {"model": "home.products_categories", "pk": 5, "fields": {"name": "Lighting"}}, {"model": "home.products_categories", "pk": 8, "fields": {"name": "Storage"}}, {"model": "home.brand", "pk": 1, "fields": {"brand": "Rocker"}}, {"model": "home.brand", "pk": 2, "fields": {"brand": "Ashley"}}, {"model": "home.brand", "pk": 4, "fields": {"brand": "Art Gallery"}}, {"model": "home.brand", "pk": 5, "fields": {"brand": "Artical Melts"}}, {"model": "home.brand", "pk": 6, "fields": {"brand": "Hayden"}}, {"model": "home.color", "pk": 1, "fields": {"clName": "Black", "color_code": "#000000"}}, {"model": "home.color", "pk": 2, "fields": {"clName": "Yellow", "color_code": "#eeff00"}}, {"model": "home.color", "pk": 3, "fields": {"clName": "Red", "color_code": "#ff0000"}}, {"model": "home.color", "pk": 4, "fields": {"clName": "White", "color_code": "#ffffff"}}, {"model": "home.color", "pk": 5, "fields": {"clName": "Bisque", "color_code": "#c9a6a6"}}, {"model": "home.color", "pk": 6, "fields": {"clName": "Pale green", "color_code": "#5f6253"}}, {"model": "home.color", "pk": 7, "fields": {"clName": "Brown", "color_code": "#826246"}}, {"model": "home.color", "pk": 8, "fields": {"clName": "grey", "color_code": "#949591"}}, {"model": "home.color", "pk": 9, "fields": {"clName": "Light brown", "color_code": "#917764"}}, {"model": "home.color", "pk": 10, "fields": {"clName": "Claret Red", "color_code": "#56312e"}}, {"model": "home.color", "pk": 11, "fields": {"clName": "Blue", "color_code": "#0977ec"}}, {"model": "home.color", "pk": 12, "fields": {"clName": "Bronz", "color_code": "#b7754d"}}, {"model": "home.discounts", "pk": 1, "fields": {"code": "BW-Devs", "discount_type": "percentage", "discount_amount": "10.00", "max_discount_amount": "100.00", "is_active": true}}, {"model": "home.discounts", "pk": 2, "fields": {"code": "Coders50", "discount_type": "fixed", "discount_amount": "50.00", "max_discount_amount": "50.00", "is_active": true}}, {"model": "home.productimage", "pk": 1, "fields": {"product": 1, "images": "product_images/presleygreen.jpg"}}, {"model": "home.productimage", "pk": 2, "fields": {"product": 1, "images": "product_images/presleygreen1.jpg"}}, {"model": "home.productimage", "pk": 3, "fields": {"product": 1, "images": "product_images/presleygreen11.jpg"}}, {"model": "home.productimage", "pk": 4, "fields": {"product": 1, "images": "product_images/presley-carver-dininggreen3.jpg"}}, {"model": "home.productimage", "pk": 5, "fields": {"product": 1, "images": "product_images/presley-carver-dining-chair-vintage-greensize.jpg"}}, {"model": "home.productimage", "pk": 6, "fields": {"product": 2, "images": "product_images/presleylatte.jpg"}}, {"model": "home.productimage", "pk": 7, "fields": {"product": 2, "images": "product_images/presleylatte1.jpg"}}, {"model": "home.productimage", "pk": 8, "fields": {"product": 2, "images": "product_images/presleylatte11.jpg"}}, {"model": "home.productimage", "pk": 9, "fields": {"product": 2, "images": "product_images/presley-carver-dining-chair-latte.jpg"}}, {"model": "home.productimage", "pk": 10, "fields": {"product": 2, "images": "product_images/presley-carver-dining-chair-latte-size.jpg"}}, {"model": "home.productimage", "pk": 11, "fields": {"product": 3, "images": "product_images/presley.jpg"}}, {"model": "home.productimage", "pk": 12, "fields": {"product": 3, "images": "product_images/presley2.jpg"}}, {"model": "home.productimage", "pk": 13, "fields": {"product": 3, "images": "product_images/presley3.jpg"}}, {"model": "home.productimage", "pk": 14, "fields": {"product": 3, "images": "product_images/presley-carver-dining-chairszee.jpg"}}, {"model": "home.productimage", "pk": 15, "fields": {"product": 3, "images": "product_images/sizeeeee.jpg"}}, {"model": "home.productimage", "pk": 16, "fields": {"product": 4, "images": "product_images/neston-armchair-speckled-stone.jpg"}}, {"model": "home.productimage", "pk": 17, "fields": {"product": 4, "images": "product_images/neston-armchair-speckled-stone11.jpg"}}, {"model": "home.productimage", "pk": 18, "fields": {"product": 4, "images": "product_images/neston-armchair-speckled-stone111.jpg"}}, {"model": "home.productimage", "pk": 19, "fields": {"product": 4, "images": "product_images/zzzzzz.jpg"}}, {"model": "home.productimage", "pk": 20, "fields": {"product": 5, "images": "product_images/neston-armchair-olive-green.jpg"}}, {"model": "home.productimage", "pk": 21, "fields": {"product": 5, "images": "product_images/neston-armchair-olive-green1.jpg"}}, {"model": "home.productimage", "pk": 22, "fields": {"product": 5, "images": "product_images/neston-armchair-olive-green1111.jpg"}}, {"model": "home.productimage", "pk": 23, "fields": {"product": 5, "images": "product_images/neston-armchair-olive-green11.jpg"}}, {"model": "home.productimage", "pk": 24, "fields": {"product": 5, "images": "product_images/neston---.jpg"}}, {"model": "home.productimage", "pk": 25, "fields": {"product": 6, "images": "product_images/emile-swivel-armchair-speckled-stone.jpg"}}, {"model": "home.productimage", "pk": 26, "fields": {"product": 6, "images": "product_images/emile-swivel-armchair-speckled-stone1.jpg"}}, {"model": "home.productimage", "pk": 27, "fields": {"product": 6, "images": "product_images/emile-swivel-armchair-speckled-stone111.jpg"}}, {"model": "home.productimage", "pk": 28, "fields": {"product": 6, "images": "product_images/emile-swivel-armchair-speckled-stone22.jpg"}}, {"model": "home.productimage", "pk": 29, "fields": {"product": 7, "images": "product_images/emile-swivel-armchair.jpg"}}, {"model": "home.productimage", "pk": 30, "fields": {"product": 7, "images": "product_images/emile-swivel-armchairredd.jpg"}}, {"model": "home.productimage", "pk": 31, "fields": {"product": 7, "images": "product_images/emile-swivel-armchair1.jpg"}}, {"model": "home.productimage", "pk": 32, "fields": {"product": 7, "images": "product_images/emile-swivel-armchair11.jpg"}}, {"model": "home.productimage", "pk": 33, "fields": {"product": 7, "images": "product_images/emile-swivel-armchair-rust-redd-size.jpg"}}, {"model": "home.productimage", "pk": 34, "fields": {"product": 8, "images": "product_images/emile-swivel-armchair-taupe.jpg"}}, {"model": "home.productimage", "pk": 35, "fields": {"product": 8, "images": "product_images/emile-swivel-armchair-taupe1.jpg"}}, {"model": "home.productimage", "pk": 36, "fields": {"product": 8, "images": "product_images/emile-swivel-armchair-taupe11.jpg"}}, {"model": "home.productimage", "pk": 37, "fields": {"product": 8, "images": "product_images/emile-swivel-armchair-taupes-size.jpg"}}, {"model": "home.productimage", "pk": 38, "fields": {"product": 9, "images": "product_images/sadie-king-size-bed-kingfisher-blue3.jpg"}}, {"model": "home.productimage", "pk": 39, "fields": {"product": 9, "images": "product_images/sadie-king-size-bed-kingfisher-blue.jpg"}}, {"model": "home.productimage", "pk": 40, "fields": {"product": 9, "images": "product_images/sadie-king-size-bed-kingfisher-blue2.jpg"}}, {"model": "home.productimage", "pk": 41, "fields": {"product": 9, "images": "product_images/sadie-king-size-bed-kingfisher-blue4.jpg"}}, {"model": "home.productimage", "pk": 42, "fields": {"product": 10, "images": "product_images/sadie-king-size-bed-calm-grey3.jpg"}}, {"model": "home.productimage", "pk": 43, "fields": {"product": 10, "images": "product_images/sadie-king-size-bed-calm-grey2.jpg"}}, {"model": "home.productimage", "pk": 44, "fields": {"product": 10, "images": "product_images/sadie-king-size-bed-calm-grey5.jpg"}}, {"model": "home.productimage", "pk": 45, "fields": {"product": 10, "images": "product_images/sadie-king-size-bed-calm-grey4.jpg"}}, {"model": "home.productimage", "pk": 46, "fields": {"product": 11, "images": "product_images/sadie-king-size-bed-ruby-red2.jpg"}}, {"model": "home.productimage", "pk": 47, "fields": {"product": 11, "images": "product_images/sadie-king-size-bed-ruby-red.jpg"}}, {"model": "home.productimage", "pk": 48, "fields": {"product": 11, "images": "product_images/sadie-king-size-bed-ruby-red1.jpg"}}, {"model": "home.productimage", "pk": 49, "fields": {"product": 11, "images": "product_images/sadie-king-size-bed-ruby-red3.jpg"}}, {"model": "home.productimage", "pk": 50, "fields": {"product": 12, "images": "product_images/hayden-2-seater-sofa-cream1.jpg"}}, {"model": "home.productimage", "pk": 51, "fields": {"product": 12, "images": "product_images/hayden-2-seater-sofa-cream.jpg"}}, {"model": "home.productimage", "pk": 52, "fields": {"product": 12, "images": "product_images/hayden-2-seater-sofa-cream11.jpg"}}, {"model": "home.productimage", "pk": 53, "fields": {"product": 12, "images": "product_images/hayden-2size.jpg"}}, {"model": "home.productimage", "pk": 54, "fields": {"product": 13, "images": "product_images/hayden-2-seater-sofa-grey11.jpg"}}, {"model": "home.productimage", "pk": 55, "fields": {"product": 13, "images": "product_images/hayden-2-seater-sofa-grey1.jpg"}}, {"model": "home.productimage", "pk": 56, "fields": {"product": 13, "images": "product_images/hayden-2-seater-sofa-grey.jpg"}}, {"model": "home.productimage", "pk": 57, "fields": {"product": 13, "images": "product_images/hayden-2-seater-sofa-grey112.jpg"}}, {"model": "home.productimage", "pk": 58, "fields": {"product": 13, "images": "product_images/hayden-2-seater-sofa-grey-chenille-p45224-2874622_medium_sizee.jpg"}}, {"model": "home.productimage", "pk": 59, "fields": {"product": 14, "images": "product_images/wish-wooden-kitchen-stool-natural-weave-black-p40672-2865752_medium.jpg"}}, {"model": "home.productimage", "pk": 60, "fields": {"product": 14, "images": "product_images/wish-wooden-kitchen-stool-natural-weave-black-p40672-2865753_image.jpg"}}, {"model": "home.productimage", "pk": 61, "fields": {"product": 14, "images": "product_images/wish-wooden-kitchen-stool-natural-weave-black-p40672-2869332_image.jpg"}}, {"model": "home.productimage", "pk": 62, "fields": {"product": 14, "images": "product_images/wish-wooden-kitchen-stool-natural-weave-black-p40672-2865755_image.jpg"}}, {"model": "home.productimage", "pk": 63, "fields": {"product": 14, "images": "product_images/wish-wooden-kitchen-stool-natural-weave-black-p40672-2865758_image.jpg"}}, {"model": "home.productimage", "pk": 64, "fields": {"product": 15, "images": "product_images/wish-wooden-kitchen-stool-natural-weave-light-walnut-p43635-2865769_medium.jpg"}}, {"model": "home.productimage", "pk": 65, "fields": {"product": 15, "images": "product_images/wish-wooden-kitchen-stool-natural-weave-light-walnut-p43635-2865772_image.jpg"}}, {"model": "home.productimage", "pk": 66, "fields": {"product": 15, "images": "product_images/wish-wooden-kitchen-stool-natural-weave-light-walnut-p43635-2869348_image.jpg"}}, {"model": "home.productimage", "pk": 67, "fields": {"product": 15, "images": "product_images/wish-wooden-kitchen-stool-natural-weave-light-walnut-p43635-2865773_image.jpg"}}, {"model": "home.productimage", "pk": 68, "fields": {"product": 15, "images": "product_images/wish-wooden-kitchen-stool-natural-weave-light-walnut-p43635-2865963_image.jpg"}}, {"model": "home.productimage", "pk": 69, "fields": {"product": 16, "images": "product_images/wish-wooden-kitchen-stool-natural-weave-natural-p40549-2869350_medium.jpg"}}, {"model": "home.productimage", "pk": 70, "fields": {"product": 16, "images": "product_images/wish-wooden-kitchen-stool-natural-weave-natural-p40549-2869737_image.jpg"}}, {"model": "home.productimage", "pk": 71, "fields": {"product": 16, "images": "product_images/wish-wooden-kitchen-stool-natural-weave-natural-p40549-2866003_image.jpg"}}, {"model": "home.productimage", "pk": 72, "fields": {"product": 16, "images": "product_images/wish-wooden-kitchen-stool-natural-weave-natural-p40549-2866007_image.jpg"}}, {"model": "home.productimage", "pk": 73, "fields": {"product": 16, "images": "product_images/wish-wooden-kitchen-stool-natural-weave-natural-p40549-2866008_image.jpg"}}, {"model": "home.productimage", "pk": 74, "fields": {"product": 17, "images": "product_images/lamp1.jpgww.jpg"}}, {"model": "home.productimage", "pk": 75, "fields": {"product": 17, "images": "product_images/lampww.jpg"}}, {"model": "home.productimage", "pk": 76, "fields": {"product": 17, "images": "product_images/lamp1.jpg"}}, {"model": "home.productimage", "pk": 77, "fields": {"product": 17, "images": "product_images/lamp1111.jpg"}}, {"model": "home.productimage", "pk": 78, "fields": {"product": 18, "images": "product_images/lyme-wall-light-brass-p42021-2863764_image.jpg"}}, {"model": "home.productimage", "pk": 79, "fields": {"product": 18, "images": "product_images/lyme-wall-light-brass-p42021-2835343_image.jpg"}}, {"model": "home.productimage", "pk": 80, "fields": {"product": 18, "images": "product_images/lyme-wall-light-brass-p42021-2835346_image.jpg"}}, {"model": "home.productimage", "pk": 81, "fields": {"product": 19, "images": "product_images/francia-floor-lamp-rattan-black-p44044-2865265_image.jpg"}}, {"model": "home.productimage", "pk": 82, "fields": {"product": 19, "images": "product_images/francia-floor-lamp-rattan-black-p44044-2865266_image.jpg"}}, {"model": "home.productimage", "pk": 83, "fields": {"product": 19, "images": "product_images/francia-floor-lamp-rattan-black-p44044-2873953_image.jpg"}}, {"model": "home.productimage", "pk": 84, "fields": {"product": 19, "images": "product_images/francia-floor-lamp-rattan-black-p44044-2865271_image.jpg"}}, {"model": "home.productimage", "pk": 85, "fields": {"product": 19, "images": "product_images/francia-floor-lamp-rattan-black-p44044-2865272_image.jpg"}}, {"model": "home.productimage", "pk": 86, "fields": {"product": 20, "images": "product_images/denver-metal-floor-lamp-copper-p43537-2862484_image.jpg"}}, {"model": "home.productimage", "pk": 87, "fields": {"product": 20, "images": "product_images/denver-metal-floor-lamp-copper-p43537-2857543_image.jpg"}}, {"model": "home.productimage", "pk": 88, "fields": {"product": 20, "images": "product_images/denver-metal-floor-lamp-copper-p43537-2857541_image.jpg"}}, {"model": "home.productimage", "pk": 89, "fields": {"product": 20, "images": "product_images/denver-metal-floor-lamp-copper-p43537-2859751_image.jpg"}}, {"model": "home.productimage", "pk": 90, "fields": {"product": 20, "images": "product_images/denver-metal-floor-lamp-copper-p43537-2857546_image.jpg"}}, {"model": "home.productimage", "pk": 91, "fields": {"product": 21, "images": "product_images/matcha-bouquet-letterbox-p41162-2823698_image.jpg"}}, {"model": "home.productimage", "pk": 92, "fields": {"product": 21, "images": "product_images/matcha-bouquet-letterbox-p41162-2823699_image.jpg"}}, {"model": "home.productimage", "pk": 93, "fields": {"product": 21, "images": "product_images/matcha-bouquet-letterbox-p41162-2823700_image.jpg"}}, {"model": "home.productimage", "pk": 94, "fields": {"product": 21, "images": "product_images/matcha-bouquet-letterbox-p41162-2823702_image.jpg"}}, {"model": "home.productimage", "pk": 95, "fields": {"product": 22, "images": "product_images/the-roar-of-the-jungle-graphic-print-p43467-2854792_image.jpg"}}, {"model": "home.productimage", "pk": 96, "fields": {"product": 22, "images": "product_images/the-roar-of-the-jungle-graphic-print-p43467-2854793_image.jpg"}}, {"model": "home.productimage", "pk": 97, "fields": {"product": 23, "images": "product_images/ridley-wavy-full-length-mirror-walnut-p45417-2875478_image.jpg"}}, {"model": "home.productimage", "pk": 98, "fields": {"product": 23, "images": "product_images/ridley-wavy-full-length-mirror-walnut-p45417-2875477_image.jpg"}}, {"model": "home.productimage", "pk": 99, "fields": {"product": 23, "images": "product_images/ridley-wavy-full-length-mirror-walnut-p45417-2875476_image.jpg"}}, {"model": "home.productimage", "pk": 100, "fields": {"product": 23, "images": "product_images/ridley-wavy-full-length-mirror-walnut-p45417-2876034_image.jpg"}}, {"model": "home.productimage", "pk": 101, "fields": {"product": 24, "images": "product_images/hkliving-glass-vase-dulce-p43934-2863851_image.jpg"}}, {"model": "home.productimage", "pk": 102, "fields": {"product": 24, "images": "product_images/hkliving-glass-vase-dulce-p43934-2859333_image.jpg"}}, {"model": "home.productimage", "pk": 103, "fields": {"product": 24, "images": "product_images/hkliving-glass-vase-dulce-p43934-2859334_image.jpg"}}, {"model": "home.productimage", "pk": 104, "fields": {"product": 24, "images": "product_images/hkliving-glass-vase-dulce-p43934-2859335_image.jpg"}}, {"model": "home.productimage", "pk": 105, "fields": {"product": 25, "images": "product_images/athena-terracotta-vase-white-black-p42238-2836662_image.jpg"}}, {"model": "home.productimage", "pk": 106, "fields": {"product": 25, "images": "product_images/athena-terracotta-vase-white-black-p42238-2836664_image.jpg"}}, {"model": "home.productimage", "pk": 107, "fields": {"product": 25, "images": "product_images/athena-terracotta-vase-white-black-p42238-2836666_image.jpg"}}, {"model": "home.productimage", "pk": 108, "fields": {"product": 26, "images": "product_images/cubitt-tv-stand-dark-mango-wood-p45045-2877433_image.jpg"}}, {"model": "home.productimage", "pk": 109, "fields": {"product": 26, "images": "product_images/cubitt-tv-stand-dark-mango-wood-p45045-2877432_image.jpg"}}, {"model": "home.productimage", "pk": 110, "fields": {"product": 26, "images": "product_images/cubitt-tv-stand-dark-mango-wood-p45045-2877439_image.jpg"}}, {"model": "home.productimage", "pk": 111, "fields": {"product": 26, "images": "product_images/cubitt-tv-stand-dark-mango-wood-p45045-2877434_image.jpg"}}, {"model": "home.productimage", "pk": 112, "fields": {"product": 26, "images": "product_images/cubitt-tv-stand-dark-mango-wood-p45045-2877436_image.jpg"}}, {"model": "home.productimage", "pk": 113, "fields": {"product": 26, "images": "product_images/cubitt-tv-stand-dark-mango-wood-p45045-2877438_image.jpg"}}, {"model": "home.productimage", "pk": 114, "fields": {"product": 27, "images": "product_images/cubitt-chest-of-drawers-dark-mango-wood-p45043-2877427_image.jpg"}}, {"model": "home.productimage", "pk": 115, "fields": {"product": 27, "images": "product_images/cubitt-chest-of-drawers-dark-mango-wood-p45043-2877426_image.jpg"}}, {"model": "home.productimage", "pk": 116, "fields": {"product": 27, "images": "product_images/cubitt-chest-of-drawers-dark-mango-wood-p45043-2877859_image.jpg"}}, {"model": "home.productimage", "pk": 117, "fields": {"product": 27, "images": "product_images/cubitt-chest-of-drawers-dark-mango-wood-p45043-2877426_image_24126Fa.jpg"}}, {"model": "home.productimage", "pk": 118, "fields": {"product": 27, "images": "product_images/cubitt-chest-of-drawers-dark-mango-wood-p45043-2875619_image.jpg"}}, {"model": "home.productimage", "pk": 119, "fields": {"product": 28, "images": "product_images/asher-tall-sideboard-dark-mango-wood-p44641-2867561_image.jpg"}}, {"model": "home.productimage", "pk": 120, "fields": {"product": 28, "images": "product_images/asher-tall-sideboard-dark-mango-wood-p44641-2867723_image.jpg"}}, {"model": "home.productimage", "pk": 121, "fields": {"product": 28, "images": "product_images/asher-tall-sideboard-dark-mango-wood-p44641-2867563_image.jpg"}}, {"model": "home.productimage", "pk": 122, "fields": {"product": 29, "images": "product_images/brentford-8-seat-dining-table-grey-ceramic-p41535-2838713_image.jpg"}}, {"model": "home.productimage", "pk": 123, "fields": {"product": 29, "images": "product_images/brentford-8-seat-dining-table-grey-ceramic-p41535-2829189_image.jpg"}}, {"model": "home.productimage", "pk": 124, "fields": {"product": 29, "images": "product_images/brentford-8-seat-dining-table-grey-ceramic-p41535-2832277_image.jpg"}}, {"model": "home.productimage", "pk": 125, "fields": {"product": 29, "images": "product_images/brentford-8-seat-dining-table-grey-ceramic-p41535-2829230_image.jpg"}}, {"model": "home.productimage", "pk": 126, "fields": {"product": 30, "images": "product_images/roxby-wooden-bar-table-oak-black-p43303-2852558_image.jpg"}}, {"model": "home.productimage", "pk": 127, "fields": {"product": 30, "images": "product_images/roxby-wooden-bar-table-oak-black-p43303-2852557_image.jpg"}}, {"model": "home.productimage", "pk": 129, "fields": {"product": 30, "images": "product_images/roxby-wooden-bar-table-oak-black-p43303-2852561_image.jpg"}}, {"model": "home.productimage", "pk": 130, "fields": {"product": 31, "images": "product_images/roxby-wooden-bar-stool-oak-black-p43301-2852499_image.jpg"}}, {"model": "home.productimage", "pk": 131, "fields": {"product": 31, "images": "product_images/roxby-wooden-bar-stool-oak-black-p43301-2852502_image.jpg"}}, {"model": "home.productimage", "pk": 132, "fields": {"product": 31, "images": "product_images/roxby-wooden-bar-stool-oak-black-p43301-2852500_image.jpg"}}, {"model": "home.productimage", "pk": 133, "fields": {"product": 31, "images": "product_images/roxby-wooden-bar-stool-oak-black-p43301-2852503_image.jpg"}}, {"model": "home.productimage", "pk": 134, "fields": {"product": 31, "images": "product_images/roxby-wooden-bar-stool-oak-black-p43301-2852502_image_1RsyuFQ.jpg"}}, {"model": "home.productimage", "pk": 135, "fields": {"product": 31, "images": "product_images/roxby-wooden-bar-stool-oak-black-p43301-2852508_image.jpg"}}, {"model": "home.productimage", "pk": 136, "fields": {"product": 30, "images": "product_images/roxby-wooden-bar-table-oak-black-p43303-2852558_image_tZxnJsw.jpg"}}, {"model": "home.productimage", "pk": 137, "fields": {"product": 32, "images": "product_images/madison-set-of-2-nesting-coffee-tables-white-marble-brass-p13158-2843360_image.jpg"}}, {"model": "home.productimage", "pk": 138, "fields": {"product": 32, "images": "product_images/madison-set-of-2-nesting-coffee-tables-white-marble-brass-p13158-2726803_image.jpg"}}, {"model": "home.productimage", "pk": 139, "fields": {"product": 32, "images": "product_images/madison-set-of-2-nesting-coffee-tables-white-marble-brass-p13158-2726804_image.jpg"}}, {"model": "home.productimage", "pk": 140, "fields": {"product": 32, "images": "product_images/madison-set-of-2-nesting-coffee-tables-white-marble-brass-p13158-2815455_image.jpg"}}, {"model": "home.productimage", "pk": 141, "fields": {"product": 32, "images": "product_images/madison-set-of-2-nesting-coffee-tables-white-marble-brass-p13158-2838651_image.jpg"}}, {"model": "home.productimage", "pk": 142, "fields": {"product": 33, "images": "product_images/madison-set-of-2-nesting-coffee-tables-white-marble-black-p30285-2843361_image.jpg"}}, {"model": "home.productimage", "pk": 143, "fields": {"product": 33, "images": "product_images/madison-set-of-2-nesting-coffee-tables-white-marble-black-p30285-2726798_image.jpg"}}, {"model": "home.productimage", "pk": 144, "fields": {"product": 33, "images": "product_images/madison-set-of-2-nesting-coffee-tables-white-marble-black-p30285-2818857_image.jpg"}}, {"model": "home.productimage", "pk": 145, "fields": {"product": 33, "images": "product_images/madison-set-of-2-nesting-coffee-tables-white-marble-black-p30285-2827050_image.jpg"}}]